<?xml version="1.0" encoding="UTF-8"?>
<GenRun Id="impl_1" LaunchPart="xc7a35tcpg236-1" LaunchTime="1607014556">
  <File Type="BITSTR-BMM" Name="garage_occupancy_top_bd.bmm"/>
  <File Type="OPT-METHODOLOGY-DRC" Name="garage_occupancy_top_methodology_drc_opted.rpt"/>
  <File Type="INIT-TIMING" Name="garage_occupancy_top_timing_summary_init.rpt"/>
  <File Type="ROUTE-PWR" Name="garage_occupancy_top_power_routed.rpt"/>
  <File Type="PA-TCL" Name="garage_occupancy_top.tcl"/>
  <File Type="OPT-TIMING" Name="garage_occupancy_top_timing_summary_opted.rpt"/>
  <File Type="OPT-DCP" Name="garage_occupancy_top_opt.dcp"/>
  <File Type="ROUTE-PWR-SUM" Name="garage_occupancy_top_power_summary_routed.pb"/>
  <File Type="REPORTS-TCL" Name="garage_occupancy_top_reports.tcl"/>
  <File Type="OPT-DRC" Name="garage_occupancy_top_drc_opted.rpt"/>
  <File Type="OPT-HWDEF" Name="garage_occupancy_top.hwdef"/>
  <File Type="PWROPT-DCP" Name="garage_occupancy_top_pwropt.dcp"/>
  <File Type="PWROPT-DRC" Name="garage_occupancy_top_drc_pwropted.rpt"/>
  <File Type="PWROPT-TIMING" Name="garage_occupancy_top_timing_summary_pwropted.rpt"/>
  <File Type="PLACE-DCP" Name="garage_occupancy_top_placed.dcp"/>
  <File Type="PLACE-IO" Name="garage_occupancy_top_io_placed.rpt"/>
  <File Type="PLACE-CLK" Name="garage_occupancy_top_clock_utilization_placed.rpt"/>
  <File Type="PLACE-UTIL" Name="garage_occupancy_top_utilization_placed.rpt"/>
  <File Type="PLACE-UTIL-PB" Name="garage_occupancy_top_utilization_placed.pb"/>
  <File Type="PLACE-CTRL" Name="garage_occupancy_top_control_sets_placed.rpt"/>
  <File Type="PLACE-SIMILARITY" Name="garage_occupancy_top_incremental_reuse_placed.rpt"/>
  <File Type="PLACE-PRE-SIMILARITY" Name="garage_occupancy_top_incremental_reuse_pre_placed.rpt"/>
  <File Type="PLACE-TIMING" Name="garage_occupancy_top_timing_summary_placed.rpt"/>
  <File Type="POSTPLACE-PWROPT-DCP" Name="garage_occupancy_top_postplace_pwropt.dcp"/>
  <File Type="BG-BIN" Name="garage_occupancy_top.bin"/>
  <File Type="POSTPLACE-PWROPT-TIMING" Name="garage_occupancy_top_timing_summary_postplace_pwropted.rpt"/>
  <File Type="PHYSOPT-DCP" Name="garage_occupancy_top_physopt.dcp"/>
  <File Type="PHYSOPT-DRC" Name="garage_occupancy_top_drc_physopted.rpt"/>
  <File Type="BITSTR-MSK" Name="garage_occupancy_top.msk"/>
  <File Type="PHYSOPT-TIMING" Name="garage_occupancy_top_timing_summary_physopted.rpt"/>
  <File Type="ROUTE-ERROR-DCP" Name="garage_occupancy_top_routed_error.dcp"/>
  <File Type="ROUTE-DCP" Name="garage_occupancy_top_routed.dcp"/>
  <File Type="ROUTE-BLACKBOX-DCP" Name="garage_occupancy_top_routed_bb.dcp"/>
  <File Type="ROUTE-DRC" Name="garage_occupancy_top_drc_routed.rpt"/>
  <File Type="ROUTE-DRC-PB" Name="garage_occupancy_top_drc_routed.pb"/>
  <File Type="ROUTE-DRC-RPX" Name="garage_occupancy_top_drc_routed.rpx"/>
  <File Type="BITSTR-MMI" Name="garage_occupancy_top.mmi"/>
  <File Type="ROUTE-METHODOLOGY-DRC" Name="garage_occupancy_top_methodology_drc_routed.rpt"/>
  <File Type="ROUTE-METHODOLOGY-DRC-RPX" Name="garage_occupancy_top_methodology_drc_routed.rpx"/>
  <File Type="ROUTE-METHODOLOGY-DRC-PB" Name="garage_occupancy_top_methodology_drc_routed.pb"/>
  <File Type="ROUTE-PWR-RPX" Name="garage_occupancy_top_power_routed.rpx"/>
  <File Type="ROUTE-STATUS" Name="garage_occupancy_top_route_status.rpt"/>
  <File Type="ROUTE-STATUS-PB" Name="garage_occupancy_top_route_status.pb"/>
  <File Type="ROUTE-TIMINGSUMMARY" Name="garage_occupancy_top_timing_summary_routed.rpt"/>
  <File Type="ROUTE-TIMING-PB" Name="garage_occupancy_top_timing_summary_routed.pb"/>
  <File Type="ROUTE-TIMING-RPX" Name="garage_occupancy_top_timing_summary_routed.rpx"/>
  <File Type="ROUTE-SIMILARITY" Name="garage_occupancy_top_incremental_reuse_routed.rpt"/>
  <File Type="ROUTE-CLK" Name="garage_occupancy_top_clock_utilization_routed.rpt"/>
  <File Type="ROUTE-BUS-SKEW" Name="garage_occupancy_top_bus_skew_routed.rpt"/>
  <File Type="ROUTE-BUS-SKEW-PB" Name="garage_occupancy_top_bus_skew_routed.pb"/>
  <File Type="ROUTE-BUS-SKEW-RPX" Name="garage_occupancy_top_bus_skew_routed.rpx"/>
  <File Type="POSTROUTE-PHYSOPT-DCP" Name="garage_occupancy_top_postroute_physopt.dcp"/>
  <File Type="POSTROUTE-PHYSOPT-BLACKBOX-DCP" Name="garage_occupancy_top_postroute_physopt_bb.dcp"/>
  <File Type="POSTROUTE-PHYSOPT-TIMING" Name="garage_occupancy_top_timing_summary_postroute_physopted.rpt"/>
  <File Type="POSTROUTE-PHYSOPT-TIMING-PB" Name="garage_occupancy_top_timing_summary_postroute_physopted.pb"/>
  <File Type="POSTROUTE-PHYSOPT-TIMING-RPX" Name="garage_occupancy_top_timing_summary_postroute_physopted.rpx"/>
  <File Type="POSTROUTE-PHYSOPT-BUS-SKEW" Name="garage_occupancy_top_bus_skew_postroute_physopted.rpt"/>
  <File Type="POSTROUTE-PHYSOPT-BUS-SKEW-PB" Name="garage_occupancy_top_bus_skew_postroute_physopted.pb"/>
  <File Type="BG-BIT" Name="garage_occupancy_top.bit"/>
  <File Type="POSTROUTE-PHYSOPT-BUS-SKEW-RPX" Name="garage_occupancy_top_bus_skew_postroute_physopted.rpx"/>
  <File Type="BITSTR-RBT" Name="garage_occupancy_top.rbt"/>
  <File Type="BITSTR-NKY" Name="garage_occupancy_top.nky"/>
  <File Type="PDI-FILE" Name="garage_occupancy_top.pdi"/>
  <File Type="RCFI_FILE" Name="garage_occupancy_top.rcfi"/>
  <File Type="CFI_FILE" Name="garage_occupancy_top.cfi"/>
  <File Type="RNPI_FILE" Name="garage_occupancy_top.rnpi"/>
  <File Type="NPI_FILE" Name="garage_occupancy_top.npi"/>
  <File Type="RBD_FILE" Name="garage_occupancy_top.rbd"/>
  <File Type="BITSTR-LTX" Name="debug_nets.ltx"/>
  <File Type="BITSTR-LTX" Name="garage_occupancy_top.ltx"/>
  <File Type="BITSTR-SYSDEF" Name="garage_occupancy_top.sysdef"/>
  <File Type="BG-BGN" Name="garage_occupancy_top.bgn"/>
  <File Type="BG-DRC" Name="garage_occupancy_top.drc"/>
  <File Type="RDI-RDI" Name="garage_occupancy_top.vdi"/>
  <File Type="WBT-USG" Name="usage_statistics_webtalk.html"/>
  <FileSet Name="sources" Type="DesignSrcs" RelSrcDir="$PSRCDIR/sources_1">
    <Filter Type="Srcs"/>
    <File Path="$PSRCDIR/sources_1/new/add3.v">
      <FileInfo>
        <Attr Name="ImportPath" Val="$PPRDIR/../ECE 2029 Lab 4 Code/Lab 4/Lab 4.srcs/sources_1/new/add3.v"/>
        <Attr Name="ImportTime" Val="1605713988"/>
        <Attr Name="UsedIn" Val="synthesis"/>
        <Attr Name="UsedIn" Val="implementation"/>
        <Attr Name="UsedIn" Val="simulation"/>
      </FileInfo>
    </File>
    <File Path="$PSRCDIR/sources_1/new/binary_to_BCD.v">
      <FileInfo>
        <Attr Name="ImportPath" Val="$PPRDIR/../ECE 2029 Lab 4 Code/Lab 4/Lab 4.srcs/sources_1/new/binary_to_BCD.v"/>
        <Attr Name="ImportTime" Val="1605721409"/>
        <Attr Name="UsedIn" Val="synthesis"/>
        <Attr Name="UsedIn" Val="implementation"/>
        <Attr Name="UsedIn" Val="simulation"/>
      </FileInfo>
    </File>
    <File Path="$PSRCDIR/sources_1/new/bcd7seg.v">
      <FileInfo>
        <Attr Name="ImportPath" Val="$PPRDIR/../ECE 2029 Lab 4 Code/Lab 4/Lab 4.srcs/sources_1/new/bcd7seg.v"/>
        <Attr Name="ImportTime" Val="1605808332"/>
        <Attr Name="UsedIn" Val="synthesis"/>
        <Attr Name="UsedIn" Val="implementation"/>
        <Attr Name="UsedIn" Val="simulation"/>
      </FileInfo>
    </File>
    <File Path="$PSRCDIR/sources_1/new/slowclock.v">
      <FileInfo>
        <Attr Name="ImportPath" Val="$PPRDIR/../ECE 2029 Lab 4 Code/Lab 4/Lab 4.srcs/sources_1/new/slowclock.v"/>
        <Attr Name="ImportTime" Val="1605806502"/>
        <Attr Name="UsedIn" Val="synthesis"/>
        <Attr Name="UsedIn" Val="implementation"/>
        <Attr Name="UsedIn" Val="simulation"/>
      </FileInfo>
    </File>
    <File Path="$PSRCDIR/sources_1/new/my_counter.v">
      <FileInfo>
        <Attr Name="ImportPath" Val="$PPRDIR/../ECE 2029 Lab 4 Code/Lab 4/Lab 4.srcs/sources_1/new/my_counter.v"/>
        <Attr Name="ImportTime" Val="1605805149"/>
        <Attr Name="UsedIn" Val="synthesis"/>
        <Attr Name="UsedIn" Val="implementation"/>
        <Attr Name="UsedIn" Val="simulation"/>
      </FileInfo>
    </File>
    <File Path="$PSRCDIR/sources_1/new/mux4to1.v">
      <FileInfo>
        <Attr Name="ImportPath" Val="$PPRDIR/../ECE 2029 Lab 4 Code/Lab 4/Lab 4.srcs/sources_1/new/mux4to1.v"/>
        <Attr Name="ImportTime" Val="1605805149"/>
        <Attr Name="UsedIn" Val="synthesis"/>
        <Attr Name="UsedIn" Val="implementation"/>
        <Attr Name="UsedIn" Val="simulation"/>
      </FileInfo>
    </File>
    <File Path="$PSRCDIR/sources_1/new/decoder2to4.v">
      <FileInfo>
        <Attr Name="ImportPath" Val="$PPRDIR/../ECE 2029 Lab 4 Code/Lab 4/Lab 4.srcs/sources_1/new/decoder2to4.v"/>
        <Attr Name="ImportTime" Val="1605808672"/>
        <Attr Name="UsedIn" Val="synthesis"/>
        <Attr Name="UsedIn" Val="implementation"/>
        <Attr Name="UsedIn" Val="simulation"/>
      </FileInfo>
    </File>
    <File Path="$PSRCDIR/sources_1/new/bcddisplay4.v">
      <FileInfo>
        <Attr Name="ImportPath" Val="$PPRDIR/../ECE 2029 Lab 4 Code/Lab 4/Lab 4.srcs/sources_1/new/bcddisplay4.v"/>
        <Attr Name="ImportTime" Val="1605805149"/>
        <Attr Name="UsedIn" Val="synthesis"/>
        <Attr Name="UsedIn" Val="implementation"/>
        <Attr Name="UsedIn" Val="simulation"/>
      </FileInfo>
    </File>
    <File Path="$PSRCDIR/sources_1/new/counter.v">
      <FileInfo>
        <Attr Name="ImportPath" Val="$PPRDIR/../ECE 2029 Lab 4 Code/Lab 4/Lab 4.srcs/sources_1/new/counter.v"/>
        <Attr Name="ImportTime" Val="1606859560"/>
        <Attr Name="UsedIn" Val="synthesis"/>
        <Attr Name="UsedIn" Val="implementation"/>
        <Attr Name="UsedIn" Val="simulation"/>
      </FileInfo>
    </File>
    <File Path="$PSRCDIR/sources_1/new/FSM.v">
      <FileInfo>
        <Attr Name="ImportPath" Val="$PPRDIR/../ECE 2029 Lab 4 Code/Lab 4/Lab 4.srcs/sources_1/new/FSM.v"/>
        <Attr Name="ImportTime" Val="1606859625"/>
        <Attr Name="UsedIn" Val="synthesis"/>
        <Attr Name="UsedIn" Val="implementation"/>
        <Attr Name="UsedIn" Val="simulation"/>
      </FileInfo>
    </File>
    <File Path="$PSRCDIR/sources_1/new/exitFSM.v">
      <FileInfo>
        <Attr Name="UsedIn" Val="synthesis"/>
        <Attr Name="UsedIn" Val="implementation"/>
        <Attr Name="UsedIn" Val="simulation"/>
      </FileInfo>
    </File>
    <File Path="$PSRCDIR/sources_1/new/parkingCounter.v">
      <FileInfo>
        <Attr Name="UsedIn" Val="synthesis"/>
        <Attr Name="UsedIn" Val="implementation"/>
        <Attr Name="UsedIn" Val="simulation"/>
      </FileInfo>
    </File>
    <File Path="$PPRDIR/../../Downloads/debounce.v">
      <FileInfo>
        <Attr Name="UsedIn" Val="synthesis"/>
        <Attr Name="UsedIn" Val="implementation"/>
        <Attr Name="UsedIn" Val="simulation"/>
      </FileInfo>
    </File>
    <File Path="$PPRDIR/../../Downloads/garage_occupancy_top.v">
      <FileInfo>
        <Attr Name="UsedIn" Val="synthesis"/>
        <Attr Name="UsedIn" Val="implementation"/>
        <Attr Name="UsedIn" Val="simulation"/>
      </FileInfo>
    </File>
    <Config>
      <Option Name="DesignMode" Val="RTL"/>
      <Option Name="TopModule" Val="garage_occupancy_top"/>
    </Config>
  </FileSet>
  <FileSet Name="constrs_in" Type="Constrs" RelSrcDir="$PSRCDIR/constrs_1">
    <Filter Type="Constrs"/>
    <File Path="$PSRCDIR/constrs_1/imports/new/four_bit_adder.xdc">
      <FileInfo>
        <Attr Name="ImportPath" Val="$PPRDIR/../ECE 2029 Lab 3 Code/four_bit_adder_OV_detector/four_bit_adder_OV_detector.srcs/constrs_1/new/four_bit_adder.xdc"/>
        <Attr Name="ImportTime" Val="1605805399"/>
        <Attr Name="UsedIn" Val="synthesis"/>
        <Attr Name="UsedIn" Val="implementation"/>
      </FileInfo>
    </File>
    <Config>
      <Option Name="ConstrsType" Val="XDC"/>
    </Config>
  </FileSet>
  <FileSet Name="utils" Type="Utils" RelSrcDir="$PSRCDIR/utils_1">
    <Filter Type="Utils"/>
    <Config>
      <Option Name="TopAutoSet" Val="TRUE"/>
    </Config>
  </FileSet>
  <Strategy Version="1" Minor="2">
    <StratHandle Name="Vivado Implementation Defaults" Flow="Vivado Implementation 2020"/>
    <Step Id="init_design"/>
    <Step Id="opt_design"/>
    <Step Id="power_opt_design"/>
    <Step Id="place_design"/>
    <Step Id="post_place_power_opt_design"/>
    <Step Id="phys_opt_design"/>
    <Step Id="route_design"/>
    <Step Id="post_route_phys_opt_design"/>
    <Step Id="write_bitstream"/>
  </Strategy>
</GenRun>
