<?xml version="1.0" encoding="UTF-8"?>
<GenRun Id="impl_1" LaunchPart="xc7a35tcpg236-1" LaunchTime="1605205404">
  <File Type="BITSTR-BMM" Name="full_adder_4bit_2scomplement_lab3_bd.bmm"/>
  <File Type="OPT-METHODOLOGY-DRC" Name="full_adder_4bit_2scomplement_lab3_methodology_drc_opted.rpt"/>
  <File Type="INIT-TIMING" Name="full_adder_4bit_2scomplement_lab3_timing_summary_init.rpt"/>
  <File Type="ROUTE-PWR" Name="full_adder_4bit_2scomplement_lab3_power_routed.rpt"/>
  <File Type="PA-TCL" Name="full_adder_4bit_2scomplement_lab3.tcl"/>
  <File Type="OPT-TIMING" Name="full_adder_4bit_2scomplement_lab3_timing_summary_opted.rpt"/>
  <File Type="OPT-DCP" Name="full_adder_4bit_2scomplement_lab3_opt.dcp"/>
  <File Type="ROUTE-PWR-SUM" Name="full_adder_4bit_2scomplement_lab3_power_summary_routed.pb"/>
  <File Type="REPORTS-TCL" Name="full_adder_4bit_2scomplement_lab3_reports.tcl"/>
  <File Type="OPT-DRC" Name="full_adder_4bit_2scomplement_lab3_drc_opted.rpt"/>
  <File Type="OPT-HWDEF" Name="full_adder_4bit_2scomplement_lab3.hwdef"/>
  <File Type="PWROPT-DCP" Name="full_adder_4bit_2scomplement_lab3_pwropt.dcp"/>
  <File Type="PWROPT-DRC" Name="full_adder_4bit_2scomplement_lab3_drc_pwropted.rpt"/>
  <File Type="PWROPT-TIMING" Name="full_adder_4bit_2scomplement_lab3_timing_summary_pwropted.rpt"/>
  <File Type="PLACE-DCP" Name="full_adder_4bit_2scomplement_lab3_placed.dcp"/>
  <File Type="PLACE-IO" Name="full_adder_4bit_2scomplement_lab3_io_placed.rpt"/>
  <File Type="PLACE-CLK" Name="full_adder_4bit_2scomplement_lab3_clock_utilization_placed.rpt"/>
  <File Type="PLACE-UTIL" Name="full_adder_4bit_2scomplement_lab3_utilization_placed.rpt"/>
  <File Type="PLACE-UTIL-PB" Name="full_adder_4bit_2scomplement_lab3_utilization_placed.pb"/>
  <File Type="PLACE-CTRL" Name="full_adder_4bit_2scomplement_lab3_control_sets_placed.rpt"/>
  <File Type="PLACE-SIMILARITY" Name="full_adder_4bit_2scomplement_lab3_incremental_reuse_placed.rpt"/>
  <File Type="PLACE-PRE-SIMILARITY" Name="full_adder_4bit_2scomplement_lab3_incremental_reuse_pre_placed.rpt"/>
  <File Type="PLACE-TIMING" Name="full_adder_4bit_2scomplement_lab3_timing_summary_placed.rpt"/>
  <File Type="POSTPLACE-PWROPT-DCP" Name="full_adder_4bit_2scomplement_lab3_postplace_pwropt.dcp"/>
  <File Type="BG-BIN" Name="full_adder_4bit_2scomplement_lab3.bin"/>
  <File Type="POSTPLACE-PWROPT-TIMING" Name="full_adder_4bit_2scomplement_lab3_timing_summary_postplace_pwropted.rpt"/>
  <File Type="PHYSOPT-DCP" Name="full_adder_4bit_2scomplement_lab3_physopt.dcp"/>
  <File Type="PHYSOPT-DRC" Name="full_adder_4bit_2scomplement_lab3_drc_physopted.rpt"/>
  <File Type="BITSTR-MSK" Name="full_adder_4bit_2scomplement_lab3.msk"/>
  <File Type="PHYSOPT-TIMING" Name="full_adder_4bit_2scomplement_lab3_timing_summary_physopted.rpt"/>
  <File Type="ROUTE-ERROR-DCP" Name="full_adder_4bit_2scomplement_lab3_routed_error.dcp"/>
  <File Type="ROUTE-DCP" Name="full_adder_4bit_2scomplement_lab3_routed.dcp"/>
  <File Type="ROUTE-BLACKBOX-DCP" Name="full_adder_4bit_2scomplement_lab3_routed_bb.dcp"/>
  <File Type="ROUTE-DRC" Name="full_adder_4bit_2scomplement_lab3_drc_routed.rpt"/>
  <File Type="ROUTE-DRC-PB" Name="full_adder_4bit_2scomplement_lab3_drc_routed.pb"/>
  <File Type="ROUTE-DRC-RPX" Name="full_adder_4bit_2scomplement_lab3_drc_routed.rpx"/>
  <File Type="BITSTR-MMI" Name="full_adder_4bit_2scomplement_lab3.mmi"/>
  <File Type="ROUTE-METHODOLOGY-DRC" Name="full_adder_4bit_2scomplement_lab3_methodology_drc_routed.rpt"/>
  <File Type="ROUTE-METHODOLOGY-DRC-RPX" Name="full_adder_4bit_2scomplement_lab3_methodology_drc_routed.rpx"/>
  <File Type="ROUTE-METHODOLOGY-DRC-PB" Name="full_adder_4bit_2scomplement_lab3_methodology_drc_routed.pb"/>
  <File Type="ROUTE-PWR-RPX" Name="full_adder_4bit_2scomplement_lab3_power_routed.rpx"/>
  <File Type="ROUTE-STATUS" Name="full_adder_4bit_2scomplement_lab3_route_status.rpt"/>
  <File Type="ROUTE-STATUS-PB" Name="full_adder_4bit_2scomplement_lab3_route_status.pb"/>
  <File Type="ROUTE-TIMINGSUMMARY" Name="full_adder_4bit_2scomplement_lab3_timing_summary_routed.rpt"/>
  <File Type="ROUTE-TIMING-PB" Name="full_adder_4bit_2scomplement_lab3_timing_summary_routed.pb"/>
  <File Type="ROUTE-TIMING-RPX" Name="full_adder_4bit_2scomplement_lab3_timing_summary_routed.rpx"/>
  <File Type="ROUTE-SIMILARITY" Name="full_adder_4bit_2scomplement_lab3_incremental_reuse_routed.rpt"/>
  <File Type="ROUTE-CLK" Name="full_adder_4bit_2scomplement_lab3_clock_utilization_routed.rpt"/>
  <File Type="ROUTE-BUS-SKEW" Name="full_adder_4bit_2scomplement_lab3_bus_skew_routed.rpt"/>
  <File Type="ROUTE-BUS-SKEW-PB" Name="full_adder_4bit_2scomplement_lab3_bus_skew_routed.pb"/>
  <File Type="ROUTE-BUS-SKEW-RPX" Name="full_adder_4bit_2scomplement_lab3_bus_skew_routed.rpx"/>
  <File Type="POSTROUTE-PHYSOPT-DCP" Name="full_adder_4bit_2scomplement_lab3_postroute_physopt.dcp"/>
  <File Type="POSTROUTE-PHYSOPT-BLACKBOX-DCP" Name="full_adder_4bit_2scomplement_lab3_postroute_physopt_bb.dcp"/>
  <File Type="POSTROUTE-PHYSOPT-TIMING" Name="full_adder_4bit_2scomplement_lab3_timing_summary_postroute_physopted.rpt"/>
  <File Type="POSTROUTE-PHYSOPT-TIMING-PB" Name="full_adder_4bit_2scomplement_lab3_timing_summary_postroute_physopted.pb"/>
  <File Type="POSTROUTE-PHYSOPT-TIMING-RPX" Name="full_adder_4bit_2scomplement_lab3_timing_summary_postroute_physopted.rpx"/>
  <File Type="POSTROUTE-PHYSOPT-BUS-SKEW" Name="full_adder_4bit_2scomplement_lab3_bus_skew_postroute_physopted.rpt"/>
  <File Type="POSTROUTE-PHYSOPT-BUS-SKEW-PB" Name="full_adder_4bit_2scomplement_lab3_bus_skew_postroute_physopted.pb"/>
  <File Type="BG-BIT" Name="full_adder_4bit_2scomplement_lab3.bit"/>
  <File Type="POSTROUTE-PHYSOPT-BUS-SKEW-RPX" Name="full_adder_4bit_2scomplement_lab3_bus_skew_postroute_physopted.rpx"/>
  <File Type="BITSTR-RBT" Name="full_adder_4bit_2scomplement_lab3.rbt"/>
  <File Type="BITSTR-NKY" Name="full_adder_4bit_2scomplement_lab3.nky"/>
  <File Type="PDI-FILE" Name="full_adder_4bit_2scomplement_lab3.pdi"/>
  <File Type="RCFI_FILE" Name="full_adder_4bit_2scomplement_lab3.rcfi"/>
  <File Type="CFI_FILE" Name="full_adder_4bit_2scomplement_lab3.cfi"/>
  <File Type="RNPI_FILE" Name="full_adder_4bit_2scomplement_lab3.rnpi"/>
  <File Type="NPI_FILE" Name="full_adder_4bit_2scomplement_lab3.npi"/>
  <File Type="RBD_FILE" Name="full_adder_4bit_2scomplement_lab3.rbd"/>
  <File Type="BITSTR-LTX" Name="debug_nets.ltx"/>
  <File Type="BITSTR-LTX" Name="full_adder_4bit_2scomplement_lab3.ltx"/>
  <File Type="BITSTR-SYSDEF" Name="full_adder_4bit_2scomplement_lab3.sysdef"/>
  <File Type="BG-BGN" Name="full_adder_4bit_2scomplement_lab3.bgn"/>
  <File Type="BG-DRC" Name="full_adder_4bit_2scomplement_lab3.drc"/>
  <File Type="RDI-RDI" Name="full_adder_4bit_2scomplement_lab3.vdi"/>
  <File Type="WBT-USG" Name="usage_statistics_webtalk.html"/>
  <FileSet Name="sources" Type="DesignSrcs" RelSrcDir="$PSRCDIR/sources_1">
    <Filter Type="Srcs"/>
    <File Path="$PPRDIR/../four_bit_adder_OV_detector/four_bit_adder_OV_detector.srcs/sources_1/new/one_bit_full_adder.v">
      <FileInfo>
        <Attr Name="UsedIn" Val="synthesis"/>
        <Attr Name="UsedIn" Val="implementation"/>
        <Attr Name="UsedIn" Val="simulation"/>
      </FileInfo>
    </File>
    <File Path="$PSRCDIR/sources_1/new/full_adder_4bit_2scomplement_lab3.v">
      <FileInfo>
        <Attr Name="UsedIn" Val="synthesis"/>
        <Attr Name="UsedIn" Val="implementation"/>
        <Attr Name="UsedIn" Val="simulation"/>
      </FileInfo>
    </File>
    <Config>
      <Option Name="DesignMode" Val="RTL"/>
      <Option Name="TopModule" Val="full_adder_4bit_2scomplement_lab3"/>
      <Option Name="TopAutoSet" Val="TRUE"/>
    </Config>
  </FileSet>
  <FileSet Name="constrs_in" Type="Constrs" RelSrcDir="$PSRCDIR/constrs_1">
    <Filter Type="Constrs"/>
    <File Path="$PPRDIR/../four_bit_adder_OV_detector/four_bit_adder_OV_detector.srcs/constrs_1/new/four_bit_adder.xdc">
      <FileInfo>
        <Attr Name="UsedIn" Val="synthesis"/>
        <Attr Name="UsedIn" Val="implementation"/>
      </FileInfo>
    </File>
    <Config>
      <Option Name="ConstrsType" Val="XDC"/>
    </Config>
  </FileSet>
  <FileSet Name="utils" Type="Utils" RelSrcDir="$PSRCDIR/utils_1">
    <Filter Type="Utils"/>
    <Config>
      <Option Name="TopAutoSet" Val="TRUE"/>
    </Config>
  </FileSet>
  <Strategy Version="1" Minor="2">
    <StratHandle Name="Vivado Implementation Defaults" Flow="Vivado Implementation 2020">
      <Desc>Default settings for Implementation.</Desc>
    </StratHandle>
    <Step Id="init_design"/>
    <Step Id="opt_design"/>
    <Step Id="power_opt_design"/>
    <Step Id="place_design"/>
    <Step Id="post_place_power_opt_design"/>
    <Step Id="phys_opt_design"/>
    <Step Id="route_design"/>
    <Step Id="post_route_phys_opt_design"/>
    <Step Id="write_bitstream"/>
  </Strategy>
</GenRun>
