<?xml version="1.0" encoding="UTF-8"?>
<GenRun Id="synth_1" LaunchPart="xc7a35tcpg236-1" LaunchTime="1607014556">
  <File Type="PA-TCL" Name="garage_occupancy_top.tcl"/>
  <File Type="RDS-PROPCONSTRS" Name="garage_occupancy_top_drc_synth.rpt"/>
  <File Type="REPORTS-TCL" Name="garage_occupancy_top_reports.tcl"/>
  <File Type="RDS-RDS" Name="garage_occupancy_top.vds"/>
  <File Type="RDS-UTIL" Name="garage_occupancy_top_utilization_synth.rpt"/>
  <File Type="RDS-UTIL-PB" Name="garage_occupancy_top_utilization_synth.pb"/>
  <File Type="RDS-DCP" Name="garage_occupancy_top.dcp"/>
  <File Type="VDS-TIMINGSUMMARY" Name="garage_occupancy_top_timing_summary_synth.rpt"/>
  <File Type="VDS-TIMING-PB" Name="garage_occupancy_top_timing_summary_synth.pb"/>
  <FileSet Name="sources" Type="DesignSrcs" RelSrcDir="$PSRCDIR/sources_1">
    <Filter Type="Srcs"/>
    <File Path="$PSRCDIR/sources_1/new/add3.v">
      <FileInfo>
        <Attr Name="ImportPath" Val="$PPRDIR/../ECE 2029 Lab 4 Code/Lab 4/Lab 4.srcs/sources_1/new/add3.v"/>
        <Attr Name="ImportTime" Val="1605713988"/>
        <Attr Name="UsedIn" Val="synthesis"/>
        <Attr Name="UsedIn" Val="implementation"/>
        <Attr Name="UsedIn" Val="simulation"/>
      </FileInfo>
    </File>
    <File Path="$PSRCDIR/sources_1/new/binary_to_BCD.v">
      <FileInfo>
        <Attr Name="ImportPath" Val="$PPRDIR/../ECE 2029 Lab 4 Code/Lab 4/Lab 4.srcs/sources_1/new/binary_to_BCD.v"/>
        <Attr Name="ImportTime" Val="1605721409"/>
        <Attr Name="UsedIn" Val="synthesis"/>
        <Attr Name="UsedIn" Val="implementation"/>
        <Attr Name="UsedIn" Val="simulation"/>
      </FileInfo>
    </File>
    <File Path="$PSRCDIR/sources_1/new/bcd7seg.v">
      <FileInfo>
        <Attr Name="ImportPath" Val="$PPRDIR/../ECE 2029 Lab 4 Code/Lab 4/Lab 4.srcs/sources_1/new/bcd7seg.v"/>
        <Attr Name="ImportTime" Val="1605808332"/>
        <Attr Name="UsedIn" Val="synthesis"/>
        <Attr Name="UsedIn" Val="implementation"/>
        <Attr Name="UsedIn" Val="simulation"/>
      </FileInfo>
    </File>
    <File Path="$PSRCDIR/sources_1/new/slowclock.v">
      <FileInfo>
        <Attr Name="ImportPath" Val="$PPRDIR/../ECE 2029 Lab 4 Code/Lab 4/Lab 4.srcs/sources_1/new/slowclock.v"/>
        <Attr Name="ImportTime" Val="1605806502"/>
        <Attr Name="UsedIn" Val="synthesis"/>
        <Attr Name="UsedIn" Val="implementation"/>
        <Attr Name="UsedIn" Val="simulation"/>
      </FileInfo>
    </File>
    <File Path="$PSRCDIR/sources_1/new/my_counter.v">
      <FileInfo>
        <Attr Name="ImportPath" Val="$PPRDIR/../ECE 2029 Lab 4 Code/Lab 4/Lab 4.srcs/sources_1/new/my_counter.v"/>
        <Attr Name="ImportTime" Val="1605805149"/>
        <Attr Name="UsedIn" Val="synthesis"/>
        <Attr Name="UsedIn" Val="implementation"/>
        <Attr Name="UsedIn" Val="simulation"/>
      </FileInfo>
    </File>
    <File Path="$PSRCDIR/sources_1/new/mux4to1.v">
      <FileInfo>
        <Attr Name="ImportPath" Val="$PPRDIR/../ECE 2029 Lab 4 Code/Lab 4/Lab 4.srcs/sources_1/new/mux4to1.v"/>
        <Attr Name="ImportTime" Val="1605805149"/>
        <Attr Name="UsedIn" Val="synthesis"/>
        <Attr Name="UsedIn" Val="implementation"/>
        <Attr Name="UsedIn" Val="simulation"/>
      </FileInfo>
    </File>
    <File Path="$PSRCDIR/sources_1/new/decoder2to4.v">
      <FileInfo>
        <Attr Name="ImportPath" Val="$PPRDIR/../ECE 2029 Lab 4 Code/Lab 4/Lab 4.srcs/sources_1/new/decoder2to4.v"/>
        <Attr Name="ImportTime" Val="1605808672"/>
        <Attr Name="UsedIn" Val="synthesis"/>
        <Attr Name="UsedIn" Val="implementation"/>
        <Attr Name="UsedIn" Val="simulation"/>
      </FileInfo>
    </File>
    <File Path="$PSRCDIR/sources_1/new/bcddisplay4.v">
      <FileInfo>
        <Attr Name="ImportPath" Val="$PPRDIR/../ECE 2029 Lab 4 Code/Lab 4/Lab 4.srcs/sources_1/new/bcddisplay4.v"/>
        <Attr Name="ImportTime" Val="1605805149"/>
        <Attr Name="UsedIn" Val="synthesis"/>
        <Attr Name="UsedIn" Val="implementation"/>
        <Attr Name="UsedIn" Val="simulation"/>
      </FileInfo>
    </File>
    <File Path="$PSRCDIR/sources_1/new/counter.v">
      <FileInfo>
        <Attr Name="ImportPath" Val="$PPRDIR/../ECE 2029 Lab 4 Code/Lab 4/Lab 4.srcs/sources_1/new/counter.v"/>
        <Attr Name="ImportTime" Val="1606859560"/>
        <Attr Name="UsedIn" Val="synthesis"/>
        <Attr Name="UsedIn" Val="implementation"/>
        <Attr Name="UsedIn" Val="simulation"/>
      </FileInfo>
    </File>
    <File Path="$PSRCDIR/sources_1/new/FSM.v">
      <FileInfo>
        <Attr Name="ImportPath" Val="$PPRDIR/../ECE 2029 Lab 4 Code/Lab 4/Lab 4.srcs/sources_1/new/FSM.v"/>
        <Attr Name="ImportTime" Val="1606859625"/>
        <Attr Name="UsedIn" Val="synthesis"/>
        <Attr Name="UsedIn" Val="implementation"/>
        <Attr Name="UsedIn" Val="simulation"/>
      </FileInfo>
    </File>
    <File Path="$PSRCDIR/sources_1/new/exitFSM.v">
      <FileInfo>
        <Attr Name="UsedIn" Val="synthesis"/>
        <Attr Name="UsedIn" Val="implementation"/>
        <Attr Name="UsedIn" Val="simulation"/>
      </FileInfo>
    </File>
    <File Path="$PSRCDIR/sources_1/new/parkingCounter.v">
      <FileInfo>
        <Attr Name="UsedIn" Val="synthesis"/>
        <Attr Name="UsedIn" Val="implementation"/>
        <Attr Name="UsedIn" Val="simulation"/>
      </FileInfo>
    </File>
    <File Path="$PPRDIR/../../Downloads/debounce.v">
      <FileInfo>
        <Attr Name="UsedIn" Val="synthesis"/>
        <Attr Name="UsedIn" Val="implementation"/>
        <Attr Name="UsedIn" Val="simulation"/>
      </FileInfo>
    </File>
    <File Path="$PPRDIR/../../Downloads/garage_occupancy_top.v">
      <FileInfo>
        <Attr Name="UsedIn" Val="synthesis"/>
        <Attr Name="UsedIn" Val="implementation"/>
        <Attr Name="UsedIn" Val="simulation"/>
      </FileInfo>
    </File>
    <Config>
      <Option Name="DesignMode" Val="RTL"/>
      <Option Name="TopModule" Val="garage_occupancy_top"/>
    </Config>
  </FileSet>
  <FileSet Name="constrs_in" Type="Constrs" RelSrcDir="$PSRCDIR/constrs_1">
    <Filter Type="Constrs"/>
    <File Path="$PSRCDIR/constrs_1/imports/new/four_bit_adder.xdc">
      <FileInfo>
        <Attr Name="ImportPath" Val="$PPRDIR/../ECE 2029 Lab 3 Code/four_bit_adder_OV_detector/four_bit_adder_OV_detector.srcs/constrs_1/new/four_bit_adder.xdc"/>
        <Attr Name="ImportTime" Val="1605805399"/>
        <Attr Name="UsedIn" Val="synthesis"/>
        <Attr Name="UsedIn" Val="implementation"/>
      </FileInfo>
    </File>
    <Config>
      <Option Name="ConstrsType" Val="XDC"/>
    </Config>
  </FileSet>
  <FileSet Name="utils" Type="Utils" RelSrcDir="$PSRCDIR/utils_1">
    <Filter Type="Utils"/>
    <Config>
      <Option Name="TopAutoSet" Val="TRUE"/>
    </Config>
  </FileSet>
  <Strategy Version="1" Minor="2">
    <StratHandle Name="Vivado Synthesis Defaults" Flow="Vivado Synthesis 2020"/>
    <Step Id="synth_design"/>
  </Strategy>
</GenRun>
